{
    "install": "messages/install.txt",
    "1.0": "messages/1.0.txt",
    "1.1": "messages/1.1.txt",
    "1.2": "messages/1.2.txt",
    "1.3": "messages/1.3.txt",
    "1.4": "messages/1.4.txt",
    "1.4.1": "messages/1.4.1.txt",
    "1.5": "messages/1.5.txt",
    "1.6": "messages/1.6.txt",
    "1.6.1": "messages/1.6.1.txt",
    "1.6.3": "messages/1.6.3.txt",
    "1.7": "messages/1.7.txt",
    "1.7.1": "messages/1.7.1.txt",
    "1.7.2": "messages/1.7.2.txt",
    "1.7.3": "messages/1.7.3.txt",
    "1.8": "messages/1.8.txt",
    "1.8.1": "messages/1.8.1.txt",
    "1.8.2": "messages/1.8.2.txt",
    "1.9": "messages/1.9.txt",
    "1.9.1": "messages/1.9.1.txt",
    "1.9.2": "messages/1.9.2.txt",
    "1.10": "messages/1.10.txt",
    "1.10.1": "messages/1.10.1.txt",
    "1.11": "messages/1.11.txt",
    "1.11.1": "messages/1.11.1.txt",
    "1.11.2": "messages/1.11.2.txt",
    "1.11.3": "messages/1.11.3.txt",
    "1.11.4": "messages/1.11.4.txt",
    "1.12": "messages/1.12.txt",
    "1.12.1": "messages/1.12.1.txt",
    "1.12.2": "messages/1.12.2.txt",
    "1.12.3": "messages/1.12.3.txt",
    "2.0": "messages/2.0.txt",
    "2.1": "messages/2.1.txt",
    "2.2": "messages/2.2.txt",
    "2.3": "messages/2.3.txt",
    "3.0": "messages/3.0.txt",
    "3.2": "messages/3.2.txt",
    "3.3": "messages/3.3.txt",
    "3.3.2": "messages/3.3.2.txt",
    "4": "messages/4.txt",
    "5": "messages/5.txt",
    "5.1": "messages/5.1.txt",
    "6": "messages/6.txt",
    "6.1": "messages/6.1.txt",
    "7": "messages/7.txt",
    "7.1": "messages/7.1.txt",
    "7.2": "messages/7.2.txt",
    "7.5": "messages/7.5.txt",
    "7.6": "messages/7.6.txt",
    "7.7": "messages/7.7.txt",
    "8": "messages/8.txt",
    "8.1": "messages/8.1.txt",
    "8.2": "messages/8.2.txt",
    "8.3": "messages/8.3.txt",
    "8.4": "messages/8.4.txt",
    "9": "messages/9.txt"
}